{
  "precision": 0.8512396694214877,
  "recall": 1.0,
  "f1": 0.9196428571428572,
  "accuracy": 0.9128329297820823
}