{
  "train": {
    "precision": 0.8843683083511777,
    "recall": 1.0,
    "f1": 0.9386363636363636,
    "accuracy": 0.9345850999394306
  },
  "test": {
    "precision": 0.8512396694214877,
    "recall": 1.0,
    "f1": 0.9196428571428572,
    "accuracy": 0.9128329297820823
  }
}