{
  "precision": 0.8640167364016736,
  "recall": 1.0,
  "f1": 0.9270482603815937,
  "accuracy": 0.9213075060532687
}