{
  "precision": 0.8943661971830986,
  "recall": 1.0,
  "f1": 0.9442379182156134,
  "accuracy": 0.9409448818897638
}