{
  "train": {
    "precision": 0.8943661971830986,
    "recall": 1.0,
    "f1": 0.9442379182156134,
    "accuracy": 0.9409448818897638
  },
  "test": {
    "precision": 0.8640167364016736,
    "recall": 1.0,
    "f1": 0.9270482603815937,
    "accuracy": 0.9213075060532687
  }
}