{
  "precision": 0.9892418032786885,
  "recall": 1.0,
  "f1": 0.9945918104558331,
  "accuracy": 0.9945624029000518
}