{
  "precision": 0.965,
  "recall": 0.9989648033126294,
  "f1": 0.9816887080366226,
  "accuracy": 0.9813664596273292
}