{
  "train": {
    "precision": 0.9892418032786885,
    "recall": 1.0,
    "f1": 0.9945918104558331,
    "accuracy": 0.9945624029000518
  },
  "test": {
    "precision": 0.965,
    "recall": 0.9989648033126294,
    "f1": 0.9816887080366226,
    "accuracy": 0.9813664596273292
  }
}