{
  "precision": 1.0,
  "recall": 0.04600484261501211,
  "f1": 0.08796296296296297,
  "accuracy": 0.9867349000067336
}