{
  "train": {
    "precision": 0.9456521739130435,
    "recall": 0.052695336159903086,
    "f1": 0.09982788296041308,
    "accuracy": 0.9867938185980742
  },
  "test": {
    "precision": 1.0,
    "recall": 0.04600484261501211,
    "f1": 0.08796296296296297,
    "accuracy": 0.9867349000067336
  }
}