{
  "train": {
    "precision": 0.6607929515418502,
    "recall": 0.9993943064809206,
    "f1": 0.7955641272902605,
    "accuracy": 0.7431859479103574
  },
  "test": {
    "precision": 0.6328725038402457,
    "recall": 0.9975786924939467,
    "f1": 0.7744360902255639,
    "accuracy": 0.7094430992736077
  }
}