{
  "precision": 0.6607929515418502,
  "recall": 0.9993943064809206,
  "f1": 0.7955641272902605,
  "accuracy": 0.7431859479103574
}