{
  "train": {
    "precision": 0.9716535433070866,
    "recall": 0.9585706887622993,
    "f1": 0.9650677789363922,
    "accuracy": 0.9977854717027904
  },
  "test": {
    "precision": 0.9636363636363636,
    "recall": 0.932712215320911,
    "f1": 0.9479221462388217,
    "accuracy": 0.9967278135845314
  }
}