{
  "precision": 0.9716535433070866,
  "recall": 0.9585706887622993,
  "f1": 0.9650677789363922,
  "accuracy": 0.9977854717027904
}