{
  "precision": 0.9636363636363636,
  "recall": 0.932712215320911,
  "f1": 0.9479221462388217,
  "accuracy": 0.9967278135845314
}