{
  "fixed_split": {
    "train": {
      "precision": 0.9649122807017544,
      "recall": 0.06662628709872805,
      "f1": 0.12464589235127477,
      "accuracy": 0.9869958251969564
    },
    "test": {
      "precision": 0.8076923076923077,
      "recall": 0.05084745762711865,
      "f1": 0.09567198177676539,
      "accuracy": 0.9866338967072924
    }
  },
  "random_split": {
    "train": {
      "precision": 0.9456521739130435,
      "recall": 0.052695336159903086,
      "f1": 0.09982788296041308,
      "accuracy": 0.9867938185980742
    },
    "test": {
      "precision": 1.0,
      "recall": 0.04600484261501211,
      "f1": 0.08796296296296297,
      "accuracy": 0.9867349000067336
    }
  }
}