{
  "train": {
    "precision": 0.9649122807017544,
    "recall": 0.06662628709872805,
    "f1": 0.12464589235127477,
    "accuracy": 0.9869958251969564
  },
  "test": {
    "precision": 0.8076923076923077,
    "recall": 0.05084745762711865,
    "f1": 0.09567198177676539,
    "accuracy": 0.9866338967072924
  }
}