{
  "precision": 0.8076923076923077,
  "recall": 0.05084745762711865,
  "f1": 0.09567198177676539,
  "accuracy": 0.9866338967072924
}