{
  "precision": 0.9649122807017544,
  "recall": 0.06662628709872805,
  "f1": 0.12464589235127477,
  "accuracy": 0.9869958251969564
}