{
  "precision": 0.6267071320182094,
  "recall": 1.0,
  "f1": 0.7705223880597015,
  "accuracy": 0.7021791767554479
}