{
  "precision": 0.6555423122765197,
  "recall": 0.9993943064809206,
  "f1": 0.791746641074856,
  "accuracy": 0.7371290127195639
}