{
  "fixed_split": {
    "train": {
      "precision": 0.8843683083511777,
      "recall": 1.0,
      "f1": 0.9386363636363636,
      "accuracy": 0.9345850999394306
    },
    "test": {
      "precision": 0.8512396694214877,
      "recall": 1.0,
      "f1": 0.9196428571428572,
      "accuracy": 0.9128329297820823
    }
  },
  "random_split": {
    "train": {
      "precision": 0.8943661971830986,
      "recall": 1.0,
      "f1": 0.9442379182156134,
      "accuracy": 0.9409448818897638
    },
    "test": {
      "precision": 0.8640167364016736,
      "recall": 1.0,
      "f1": 0.9270482603815937,
      "accuracy": 0.9213075060532687
    }
  }
}